23.0;1;11;0;0.0;3.9999999999999996
48.0;8;8;0;0.0;6.400000000000001
57.0;0;7;0;0.0;10.800000000000004
60.0;23;18;0;0.0;3.5999999999999996
92.0;19;16;16;0.0;4.3999999999999995
100.0;9;6;17;0.0;9.200000000000003
110.0;13;17;24;0.0;4.8
125.0;0;23;27;0.0;9.200000000000003
127.0;18;5;14;0.0;6.000000000000001
145.0;13;18;1;0.0;2.0
149.0;18;1;9;0.0;7.600000000000002
170.0;9;13;22;0.0;3.9999999999999996
188.0;19;17;11;0.0;15.200000000000008
191.0;15;12;27;0.0;3.5999999999999996
192.0;11;12;83;0.0;3.5999999999999996
209.0;3;9;42;0.0;4.8
233.0;14;23;37;0.0;11.600000000000005
237.0;7;16;25;0.0;14.800000000000008
240.0;16;9;27;0.0;5.2
266.0;12;11;61;0.0;6.000000000000001
266.0;11;16;33;0.0;5.2
284.0;33;17;12;0.0;6.400000000000001
291.0;7;23;70;0.0;6.400000000000001
301.0;7;5;158;0.0;9.600000000000003
313.0;1;8;83;0.0;3.5999999999999996
330.0;11;18;92;0.0;13.200000000000006
355.0;28;14;134;0.0;13.600000000000007
356.0;18;9;15;0.0;4.3999999999999995
409.0;13;4;256;0.0;6.000000000000001
422.0;17;13;76;0.0;12.000000000000005
430.0;13;8;169;0.0;7.600000000000002
451.0;19;2;155;0.0;8.400000000000002
457.0;3;23;17;0.0;8.800000000000002
476.0;11;34;8;0.0;9.200000000000003
493.0;26;34;162;0.0;3.1999999999999997
495.0;5;4;35;0.0;7.600000000000002
521.0;28;13;47;0.0;6.000000000000001
529.0;10;18;61;0.0;8.800000000000002
546.0;10;13;32;0.0;2.0
547.0;33;14;215;0.0;7.600000000000002
572.0;11;5;239;0.0;4.8
573.0;7;11;16;0.0;7.200000000000002
587.0;21;22;198;0.0;17.200000000000003
588.0;0;14;31;0.0;5.6000000000000005
603.0;17;12;238;0.0;4.3999999999999995
607.0;12;18;362;0.0;2.4
616.0;12;8;34;0.0;5.6000000000000005
629.0;4;3;6;0.0;2.8
645.0;15;10;364;0.0;6.000000000000001
650.0;7;19;310;0.0;4.8
669.0;22;16;349;0.0;15.200000000000008
672.0;13;19;157;0.0;4.8
682.0;9;14;74;0.0;8.400000000000002
712.0;25;20;474;0.0;2.0
720.0;17;25;424;0.0;4.8
724.0;15;6;252;0.0;3.5999999999999996
758.0;10;2;44;0.0;3.9999999999999996
768.0;9;3;117;0.0;4.8
782.0;13;6;245;0.0;3.5999999999999996
792.0;10;20;670;0.0;10.400000000000004
800.0;10;10;57;0.0;2.4
815.0;15;9;220;0.0;2.4
827.0;12;25;320;0.0;5.2
829.0;12;19;7;0.0;10.000000000000004
842.0;3;11;187;0.0;8.800000000000002
853.0;3;24;187;0.0;8.400000000000002
854.0;4;13;266;0.0;7.600000000000002
879.0;0;23;198;0.0;9.200000000000003
881.0;10;15;36;0.0;10.800000000000004
902.0;30;13;14;0.0;6.800000000000002
916.0;19;9;444;0.0;4.8
927.0;18;8;202;0.0;11.200000000000005
928.0;7;24;403;0.0;6.800000000000002
936.0;10;2;209;0.0;3.1999999999999997
960.0;18;20;540;0.0;4.8
964.0;12;2;659;0.0;5.6000000000000005
972.0;6;7;72;0.0;10.000000000000004
1000.0;19;0;729;0.0;7.600000000000002
1006.0;21;10;355;0.0;4.3999999999999995
1020.0;0;18;686;16.662054;7.200000000000002
1030.0;3;16;778;15.9726;5.2
1031.0;21;23;726;0.0;17.6
1042.0;0;9;757;16.47814;3.5999999999999996
1056.0;11;16;955;13.818086;3.5999999999999996
1064.0;3;12;841;16.399736;11.600000000000005
1088.0;6;20;834;15.589185;15.200000000000008
1094.0;5;18;963;18.008036;5.2
1116.0;7;16;838;14.434098;5.2
1118.0;4;1;977;16.344175;2.0
1130.0;6;12;826;14.274869;4.8
1133.0;8;13;830;13.232938;2.0
1135.0;6;15;949;16.709745;4.3999999999999995
1146.0;4;14;737;14.385495;3.9999999999999996
1147.0;2;10;797;16.018812;3.1999999999999997
1150.0;2;15;791;16.662256;5.2
1170.0;2;18;675;15.229272;8.000000000000002
1181.0;2;20;773;17.111494;12.000000000000005
1183.0;4;23;907;18.469645;10.800000000000004
1199.0;14;27;30;16.982058;5.2
1201.0;7;18;860;15.086366;4.3999999999999995
1206.0;5;17;810;15.38384;6.400000000000001
1218.0;1;8;796;16.333796;3.5999999999999996
1228.0;4;25;845;17.762472;8.400000000000002
1231.0;1;11;820;17.166529;3.9999999999999996
1239.0;0;10;705;15.784711;15.200000000000008
1242.0;3;5;810;14.861306;2.4
1251.0;0;10;728;16.156904;3.9999999999999996
1257.0;1;13;822;17.495134;4.8
1272.0;1;17;534;13.4266615;7.200000000000002
1284.0;5;15;852;15.767335;8.000000000000002
1287.0;11;25;40;16.503628;6.400000000000001
1288.0;0;14;677;15.923951;5.6000000000000005
1308.0;3;18;699;14.990304;6.000000000000001
1313.0;0;17;763;17.760073;10.800000000000004
1324.0;4;27;676;15.323674;12.400000000000006
1333.0;1;21;723;17.077795;8.800000000000002
1350.0;6;15;867;15.382688;11.600000000000005
1359.0;3;4;970;17.302546;8.400000000000002
1373.0;1;25;595;15.598706;18.4
1382.0;2;19;756;16.688257;7.600000000000002
1388.0;1;10;823;17.066977;14.000000000000007
1395.0;1;9;836;17.129248;3.9999999999999996
1402.0;1;13;823;17.511297;10.400000000000004
1421.0;1;12;923;18.981516;9.200000000000003
1427.0;3;11;786;15.361531;13.600000000000007
1448.0;3;14;834;16.582682;6.000000000000001
1460.0;9;16;975;15.396516;2.8
1476.0;3;26;720;16.515024;9.200000000000003
1485.0;4;23;836;17.320612;7.600000000000002
1485.0;1;5;925;17.977179;2.4
1495.0;7;19;895;15.8009;5.6000000000000005
1505.0;4;2;1057;17.786924;3.1999999999999997
1509.0;4;22;772;16.136778;7.200000000000002
1529.0;4;22;935;18.774672;11.200000000000005
1533.0;3;24;823;17.885706;9.200000000000003
1537.0;5;12;987;17.507765;8.400000000000002
1543.0;1;10;811;16.872774;4.3999999999999995
1544.0;0;9;744;16.267717;3.5999999999999996
1557.0;1;12;769;16.489271;4.3999999999999995
1557.0;4;3;953;16.251993;2.8
1567.0;2;28;849;19.526281;10.400000000000004
1585.0;4;16;1003;18.986528;4.8
1593.0;7;18;23;15.598547;10.800000000000004
1596.0;11;23;25;16.18565;5.6000000000000005
1616.0;1;27;738;18.209162;11.200000000000005
1622.0;9;24;32;18.592503;6.000000000000001
1624.0;4;13;1115;20.354761;10.000000000000004
1629.0;1;11;808;16.972345;3.9999999999999996
1648.0;1;20;832;18.693693;8.400000000000002
1651.0;1;20;714;16.784014;7.600000000000002
1655.0;19;21;11;14.987594;4.8
1667.0;2;10;998;19.271723;4.8
1677.0;3;10;1069;19.793386;2.8
1678.0;2;7;1141;21.141684;2.8
1685.0;1;35;725;19.183657;13.600000000000007
1694.0;3;6;1043;18.780165;4.3999999999999995
1702.0;4;23;969;19.47301;7.600000000000002
1715.0;3;13;1019;19.42848;6.400000000000001
1727.0;3;15;766;15.630288;8.000000000000002
1733.0;0;26;928;21.763288;18.4
1735.0;3;18;1061;20.848745;6.000000000000001
1745.0;0;16;960;20.800146;6.400000000000001
1754.0;0;7;948;19.27299;2.8
1757.0;0;20;684;16.925882;8.000000000000002
1767.0;0;11;971;20.237616;4.3999999999999995
1768.0;5;23;33;16.2339;11.200000000000005
1778.0;1;9;1048;20.560156;3.1999999999999997
1790.0;1;10;940;18.960459;3.5999999999999996
1808.0;6;22;1103;20.238749;10.400000000000004
1817.0;6;3;1231;19.496264;2.0
1828.0;2;9;1016;19.414938;2.8
1832.0;10;19;1149;18.029394;3.5999999999999996
1835.0;0;5;1073;20.99972;2.0
1844.0;2;14;1085;21.272108;12.800000000000006
1857.0;1;9;971;19.314032;3.9999999999999996
1857.0;0;23;940;21.513197;9.200000000000003
1872.0;1;11;1022;20.435625;4.8
1877.0;8;16;1171;19.19584;4.8
1878.0;3;13;1073;20.302431;6.400000000000001
1885.0;1;6;1029;19.808344;2.0
1892.0;1;12;1075;21.44147;4.3999999999999995
1894.0;2;18;964;19.906324;7.200000000000002
1901.0;1;7;1105;21.186419;2.4
1904.0;1;7;1181;22.41636;6.400000000000001
1920.0;2;7;1138;21.093092;6.000000000000001
1922.0;3;6;1083;19.427542;5.2
1926.0;0;30;1010;23.68279;12.000000000000005
1936.0;6;8;1220;20.058733;3.1999999999999997
1938.0;2;14;1063;20.91607;4.8
1957.0;0;19;914;20.500006;7.600000000000002
1961.0;1;13;1059;21.330614;12.800000000000006
1965.0;3;19;1018;20.300947;8.800000000000002
1970.0;0;7;1072;21.279734;2.8
1985.0;3;13;1054;19.994944;3.9999999999999996
1991.0;0;18;1063;22.763262;9.600000000000003
1994.0;4;13;1254;22.604258;12.400000000000006
2007.0;3;7;1030;18.717886;3.1999999999999997
2009.0;3;10;1031;19.178423;5.2
2010.0;2;19;1054;21.510942;8.400000000000002
2051.0;21;20;15;14.402741;7.600000000000002
2053.0;24;4;257;12.568883;8.000000000000002
2071.0;24;13;97;13.046753;10.800000000000004
2092.0;17;5;47;11.000965;8.000000000000002
2107.0;22;14;229;13.5978565;4.8
2125.0;23;14;229;14.008429;11.600000000000005
2125.0;11;21;37;10.676222;8.000000000000002
2162.0;15;9;158;11.432217;8.800000000000002
2174.0;10;23;57;12.786967;5.2
2182.0;19;17;186;12.247112;4.8
2218.0;23;12;82;12.881731;4.3999999999999995
39.0;7;7;0;6.842834;5.6000000000000005
49.0;10;10;0;5.2193685;2.4
56.0;24;11;0;1.6432225;9.200000000000003
75.0;11;18;6;9.595299;3.5999999999999996
82.0;8;8;4;8.924874;6.400000000000001
83.0;10;12;2;7.1490498;8.800000000000002
105.0;0;28;36;11.26548;11.200000000000005
126.0;12;12;7;8.841542;9.600000000000003
140.0;29;3;24;11.427884;10.400000000000004
142.0;8;3;37;7.6131372;7.600000000000002
172.0;22;16;100;9.889165;8.800000000000002
191.0;23;23;10;10.465919;5.6000000000000005
198.0;26;4;2;10.627162;12.000000000000005
219.0;19;11;91;10.32318;8.000000000000002
222.0;13;8;57;9.05775;3.5999999999999996
233.0;24;14;151;11.370469;3.9999999999999996
243.0;16;10;136;9.033303;2.4
267.0;23;11;108;11.004464;6.400000000000001
275.0;20;12;118;10.295106;5.6000000000000005
289.0;22;12;110;11.278929;6.400000000000001
299.0;15;12;5;9.133552;6.000000000000001
320.0;13;7;72;9.260923;8.000000000000002
324.0;15;7;73;9.166911;3.1999999999999997
337.0;26;12;124;11.353248;8.000000000000002
392.0;12;7;52;9.027621;3.5999999999999996
397.0;18;1;32;9.358246;11.600000000000005
399.0;19;3;28;9.510695;11.200000000000005
415.0;15;9;90;9.228477;2.4
425.0;10;10;3;8.705868;5.6000000000000005
430.0;9;9;3;9.095201;7.200000000000002
448.0;18;9;88;10.104903;5.2
451.0;0;24;3;14.764713;9.600000000000003
464.0;6;14;3;9.24801;3.1999999999999997
465.0;20;13;106;9.982395;5.2
486.0;1;18;379;10.037349;7.600000000000002
494.0;29;17;230;12.398387;4.8
514.0;14;12;456;10.175408;4.8
518.0;22;13;115;10.904072;10.800000000000004
546.0;27;4;63;11.613717;9.200000000000003
549.0;21;13;108;10.452371;3.1999999999999997
557.0;20;11;133;10.596853;8.400000000000002
579.0;20;9;95;9.929442;4.3999999999999995
589.0;19;12;107;9.858027;3.5999999999999996
590.0;18;15;486;9.944178;8.400000000000002
611.0;15;12;404;9.196395;2.0
614.0;13;17;6;9.55527;8.000000000000002
617.0;14;13;463;10.068066;2.8
636.0;4;20;406;10.367809;6.400000000000001
658.0;24;3;12;9.820015;8.400000000000002
661.0;14;14;504;10.234092;6.400000000000001
667.0;11;19;482;9.66223;3.9999999999999996
701.0;16;19;509;9.375817;10.000000000000004
703.0;1;23;375;11.534939;9.600000000000003
730.0;7;21;434;9.530903;11.200000000000005
737.0;2;19;408;10.301016;7.600000000000002
742.0;2;27;506;13.665738;14.000000000000007
765.0;15;16;499;9.81081;4.3999999999999995
781.0;35;21;361;13.231913;5.6000000000000005
789.0;20;19;700;13.1429205;6.000000000000001
801.0;25;16;117;11.258893;3.5999999999999996
822.0;17;9;77;10.3092785;5.6000000000000005
824.0;10;19;507;9.999288;12.400000000000006
831.0;0;26;53;11.714243;11.200000000000005
850.0;0;26;95;10.954819;10.400000000000004
862.0;25;14;188;11.641899;4.3999999999999995
864.0;25;19;774;13.0332365;2.4
885.0;0;33;58;13.441656;13.200000000000006
888.0;1;20;374;10.977016;8.400000000000002
901.0;18;13;545;10.095159;7.600000000000002
921.0;18;19;757;11.516343;5.2
923.0;20;16;588;11.364307;6.400000000000001
946.0;22;11;105;11.073967;8.400000000000002
949.0;1;24;368;11.51083;9.200000000000003
955.0;19;10;120;10.20144;4.3999999999999995
978.0;1;18;360;10.1007805;11.600000000000005
981.0;18;20;676;12.121272;3.1999999999999997
982.0;11;15;393;8.700747;5.6000000000000005
1010.0;16;26;730;12.424264;3.9999999999999996
1029.0;5;22;588;10.781538;6.800000000000002
1040.0;26;20;818;13.56813;9.600000000000003
1058.0;23;0;36;11.86463;9.200000000000003
1083.0;29;6;0;12.626269;9.200000000000003
1101.0;19;4;30;10.1572895;9.200000000000003
1114.0;16;3;31;9.493144;5.2
1131.0;4;24;86;10.034616;9.600000000000003
1136.0;17;5;40;7.937377;9.600000000000003
1154.0;2;21;414;10.174029;7.600000000000002
1158.0;13;8;7;7.901504;2.0
1158.0;19;4;26;10.243147;9.200000000000003
1176.0;0;20;29;9.838475;8.000000000000002
1181.0;3;21;496;9.828035;7.200000000000002
1195.0;0;17;336;9.187287;6.800000000000002
1202.0;19;4;47;9.152371;9.200000000000003
1226.0;4;21;431;9.564879;10.000000000000004
1229.0;13;12;8;9.049193;10.800000000000004
1252.0;24;0;42;11.485123;9.600000000000003
1257.0;3;22;849;9.307802;9.200000000000003
1273.0;23;1;31;12.487652;8.800000000000002
1276.0;5;22;596;9.500589;6.800000000000002
1284.0;0;21;549;9.977288;10.000000000000004
1308.0;7;23;62;8.884963;10.400000000000004
1309.0;9;23;805;8.325527;5.6000000000000005
1337.0;29;1;41;13.865033;12.000000000000005
1349.0;9;29;738;11.513826;8.000000000000002
1355.0;18;5;34;8.552955;6.000000000000001
1373.0;0;22;694;9.812175;8.800000000000002
1381.0;6;22;598;9.348897;7.200000000000002
1405.0;33;0;218;11.994251;13.200000000000006
1414.0;8;23;554;9.767825;9.200000000000003
1453.0;7;26;673;10.712859;7.600000000000002
1456.0;12;14;8;7.7524543;4.8
1464.0;24;0;48;10.6745405;9.600000000000003
1488.0;4;22;442;9.774014;7.200000000000002
1505.0;27;7;28;10.006498;8.000000000000002
1512.0;2;18;10;9.10658;8.000000000000002
1514.0;33;7;2;12.97181;10.400000000000004
1528.0;5;21;93;9.112415;6.400000000000001
1536.0;5;20;501;9.045976;6.000000000000001
1554.0;1;24;610;10.94032;9.200000000000003
1557.0;22;1;31;12.209165;8.400000000000002
1572.0;7;28;94;10.51449;8.400000000000002
1580.0;7;21;39;8.477375;5.6000000000000005
1584.0;7;26;560;10.624105;8.400000000000002
1610.0;7;24;528;10.014637;6.800000000000002
1615.0;19;5;45;8.90699;5.6000000000000005
1632.0;31;4;34;13.459325;10.800000000000004
1634.0;3;22;43;10.441037;7.600000000000002
1637.0;0;20;312;9.268878;8.000000000000002
1661.0;5;23;52;9.899812;8.800000000000002
1673.0;18;1;27;11.036204;7.600000000000002
1680.0;2;20;62;9.163614;8.800000000000002
1683.0;0;20;728;9.223864;8.000000000000002
1696.0;1;21;937;9.614351;8.000000000000002
1700.0;0;18;1410;9.299752;7.200000000000002
1717.0;2;19;25;9.982572;6.800000000000002
1735.0;24;2;70;9.7819605;10.400000000000004
1743.0;10;24;600;9.720253;5.6000000000000005
1748.0;22;2;26;11.508817;9.600000000000003
1774.0;1;20;423;10.015545;9.200000000000003
1804.0;17;5;52;7.8043494;9.600000000000003
1811.0;23;4;51;10.282452;10.800000000000004
1830.0;25;4;39;12.76576;11.600000000000005
1831.0;11;1;20;8.959923;4.8
1859.0;24;4;35;12.751403;8.800000000000002
1859.0;4;18;67;8.693773;8.800000000000002
1883.0;6;22;636;9.151936;6.400000000000001
1887.0;7;26;90;9.863713;7.600000000000002
1894.0;33;4;45;15.389054;11.600000000000005
1908.0;0;23;624;10.535564;9.200000000000003
1917.0;10;26;631;10.50659;7.200000000000002
1932.0;12;26;727;9.726372;5.6000000000000005
1935.0;7;23;603;9.6551695;7.200000000000002
1960.0;1;21;40;9.908462;8.800000000000002
1963.0;24;6;48;10.515984;8.000000000000002
1963.0;1;29;48;12.219592;11.200000000000005
1987.0;5;23;38;10.082203;8.000000000000002
2010.0;22;1;91;9.456545;9.200000000000003
2010.0;8;27;47;10.052564;7.600000000000002
2025.0;0;13;0;9.677042;5.2
2026.0;25;25;797;9.292945;4.8
2032.0;2;20;6;11.733517;7.200000000000002
2058.0;21;20;13;10.158722;3.5999999999999996
2072.0;21;4;1580;9.347717;6.800000000000002
2073.0;24;2;343;9.670362;8.800000000000002
2075.0;0;15;1290;8.704355;6.000000000000001
2092.0;0;18;421;8.390406;7.200000000000002
2130.0;19;1;1338;9.202066;8.000000000000002
2141.0;24;1;99;10.132181;9.200000000000003
2155.0;21;5;1309;8.735687;11.200000000000005
2172.0;1;27;75;9.940474;11.200000000000005
2177.0;23;5;40;9.218132;8.800000000000002
2193.0;16;0;1708;8.888222;7.200000000000002
2202.0;18;28;673;9.505783;3.9999999999999996
2220.0;23;5;1083;9.049063;7.200000000000002
2222.0;9;17;105;8.383236;3.1999999999999997
2233.0;23;29;1351;9.899424;2.4
2251.0;3;27;44;10.578674;9.600000000000003
2256.0;19;4;1812;8.846125;6.000000000000001
2270.0;0;17;1710;9.572908;6.800000000000002
2270.0;21;29;1261;9.746458;3.1999999999999997
2294.0;1;22;12;9.98267;8.400000000000002
2295.0;22;7;1281;8.484922;6.000000000000001
2318.0;24;2;40;10.463989;8.800000000000002
2338.0;22;3;945;9.083637;7.600000000000002
2355.0;24;33;849;10.840984;14.000000000000007
2359.0;2;19;13;8.31328;6.800000000000002
2361.0;3;16;4;10.432215;7.600000000000002
2386.0;8;21;63;8.712671;6.000000000000001
2393.0;25;32;829;10.616615;2.8
2394.0;26;35;880;11.334633;3.5999999999999996
2408.0;2;20;10;9.69228;7.200000000000002
2438.0;23;32;838;10.5980835;7.600000000000002
2448.0;19;0;228;8.868502;7.600000000000002
2459.0;25;5;382;9.249414;8.800000000000002
2483.0;2;18;4;11.015213;8.000000000000002
2485.0;8;19;34;8.544292;10.800000000000004
2500.0;21;1;33;9.51536;8.800000000000002
2518.0;19;27;726;9.347065;4.8
2526.0;9;24;2029;9.695148;5.4
2532.0;23;1;222;9.901169;9.600000000000003
2551.0;4;23;838;9.617329;7.600000000000002
2552.0;2;18;1660;9.365332;6.400000000000001
2577.0;4;23;32;9.546921;7.600000000000002
2593.0;27;1;206;11.108292;14.400000000000007
2600.0;27;7;882;9.484539;8.000000000000002
2613.0;20;34;950;10.670038;5.6000000000000005
2620.0;5;25;499;9.500685;8.000000000000002
2638.0;21;24;965;8.921474;6.000000000000001
2641.0;2;19;1306;9.530153;6.800000000000002
2649.0;24;34;1077;10.995745;3.9999999999999996
2670.0;24;26;1070;9.49284;2.4
2683.0;21;32;1558;10.176195;4.3999999999999995
2692.0;9;18;73;8.390249;7.600000000000002
2698.0;12;26;1322;9.105211;5.6000000000000005
2728.0;18;33;934;10.309301;6.000000000000001
2734.0;31;22;1671;9.834175;3.5999999999999996
2753.0;25;27;849;9.533445;7.200000000000002
2760.0;5;24;34;9.747248;7.600000000000002
2778.0;3;23;32;9.728186;8.000000000000002
2791.0;5;14;30;8.163612;7.600000000000002
2808.0;18;32;1199;10.0302925;7.200000000000002
2829.0;7;13;56;7.9808044;8.000000000000002
2841.0;24;0;66;10.235994;9.600000000000003
2842.0;1;32;21;11.075478;12.400000000000006
2876.0;23;1;5;11.611275;8.800000000000002
2894.0;32;18;1836;10.049019;7.200000000000002
2896.0;27;1;15;10.561434;10.400000000000004
2927.0;18;5;57;9.008938;5.2
2932.0;28;6;192;9.862215;10.400000000000004
2944.0;23;0;115;10.145918;9.200000000000003
2958.0;4;17;1200;8.113035;10.000000000000004
2962.0;2;20;788;9.082436;10.400000000000004
2979.0;2;23;584;9.79949;12.400000000000006
2986.0;4;22;1276;9.942966;7.200000000000002
3016.0;29;2;25;10.795362;10.800000000000004
3018.0;15;0;2658;8.662804;5.4
3043.0;34;6;41;12.452133;11.200000000000005
3054.0;3;21;858;9.085244;8.000000000000002
3066.0;21;4;42;9.157872;10.000000000000004
3081.0;20;4;43;9.054916;6.400000000000001
3115.0;27;7;71;9.028656;8.000000000000002
3116.0;28;4;117;9.843523;12.800000000000006
3143.0;4;21;1307;8.876853;6.800000000000002
3167.0;27;5;42;10.807781;8.800000000000002
3168.0;4;23;695;9.259079;7.600000000000002
3175.0;23;4;4;8.469483;9.200000000000003
3196.0;1;16;975;8.3446045;10.000000000000004
3197.0;2;24;32;9.049349;10.400000000000004
3222.0;21;3;30;8.914623;9.600000000000003
3225.0;7;15;19;8.30029;8.000000000000002
3246.0;1;22;102;8.8281765;8.400000000000002
3248.0;31;13;4;9.313973;7.200000000000002
3253.0;2;22;39;9.318396;9.600000000000003
3275.0;9;13;104;8.621926;2.4
3295.0;2;18;633;8.44692;6.400000000000001
3298.0;23;4;0;10.15039;10.800000000000004
3303.0;26;4;41;10.808661;8.800000000000002
3319.0;0;22;1172;10.672541;8.800000000000002
3326.0;2;21;813;9.451996;7.600000000000002
3351.0;5;23;423;8.768078;7.200000000000002
3352.0;29;6;242;10.014832;9.200000000000003
3364.0;21;3;0;11.123239;8.000000000000002
3371.0;2;18;836;8.5278425;6.400000000000001
3381.0;6;23;802;8.532245;8.400000000000002
3406.0;5;33;6;12.930125;11.200000000000005
3427.0;22;0;20;9.12894;8.800000000000002
3441.0;5;25;613;9.46466;8.000000000000002
3442.0;3;34;70;11.732113;12.400000000000006
3452.0;5;23;438;8.773956;7.200000000000002
3483.0;1;20;195;8.627331;8.400000000000002
3487.0;23;2;243;9.394847;8.400000000000002
3510.0;3;21;778;9.053888;7.200000000000002
3511.0;2;26;72;9.685921;9.600000000000003
3524.0;7;12;70;8.69114;2.0
3540.0;27;7;34;9.40272;8.000000000000002
3564.0;32;13;109;9.341574;7.600000000000002
3568.0;7;12;33;8.672394;7.600000000000002
3571.0;25;7;32;8.973186;8.000000000000002
3594.0;9;14;66;8.58427;7.600000000000002
3597.0;2;24;74;9.0789175;8.800000000000002
3610.0;16;18;218;8.383558;9.600000000000003
3617.0;1;17;860;8.593686;8.000000000000002
3651.0;31;10;309;9.134389;8.400000000000002
3653.0;17;20;86;8.444839;5.2
3665.0;25;3;26;9.627648;11.200000000000005
3672.0;2;19;1483;9.003318;6.800000000000002
3694.0;5;12;30;8.658489;6.000000000000001
3711.0;5;13;25;8.582385;3.9999999999999996
3718.0;32;13;141;8.847541;7.600000000000002
3718.0;21;1;2;11.441341;12.800000000000006
3742.0;5;12;35;8.638021;6.800000000000002
3766.0;8;14;91;8.513895;8.000000000000002
3782.0;21;0;235;9.446378;12.400000000000006
3790.0;23;0;69;9.583016;9.200000000000003
3813.0;24;3;267;9.337118;8.400000000000002
3815.0;3;23;389;9.518598;8.000000000000002
3838.0;0;23;257;9.95398;9.200000000000003
3840.0;8;12;94;8.549475;8.000000000000002
3857.0;1;17;954;8.647428;6.400000000000001
3884.0;1;16;1034;8.367731;10.000000000000004
3884.0;9;15;64;8.481532;2.4
3898.0;29;2;138;10.938868;10.800000000000004
3909.0;9;13;120;8.312749;5.6000000000000005
3918.0;0;18;1317;9.46806;7.200000000000002
3935.0;0;15;1170;8.222943;6.000000000000001
3936.0;32;14;3;9.737649;7.200000000000002
3952.0;21;1;172;9.179757;8.000000000000002
3955.0;1;17;1161;8.72857;6.400000000000001
3958.0;4;21;1135;8.809433;6.800000000000002
3977.0;2;20;349;8.739511;7.200000000000002
3983.0;2;21;328;8.808541;10.800000000000004
3983.0;7;13;61;8.594304;6.400000000000001
3998.0;0;19;554;9.109187;7.600000000000002
4039.0;21;3;42;9.842534;7.200000000000002
4042.0;26;7;32;8.936184;12.400000000000006
4055.0;25;0;17;10.654824;14.000000000000007
4065.0;11;1;3798;9.880808;3.5999999999999996
4073.0;19;6;3444;9.833136;4.68
4101.0;23;2;3;11.972591;8.400000000000002
4104.0;16;7;3963;9.679426;3.9599999999999995
4110.0;12;2;3856;9.934582;3.5999999999999996
4134.0;18;5;3978;10.716596;4.68
4137.0;19;7;3348;9.40876;4.319999999999999
4155.0;19;17;11;11.568102;9.600000000000003
4163.0;14;1;3965;10.848194;4.68
4171.0;10;2;3816;9.402577;3.5999999999999996
4198.0;26;11;3870;10.786036;5.4
4209.0;10;0;3755;9.850756;6.480000000000001
4213.0;11;3;3608;9.035225;5.04
4225.0;13;1;3809;10.36688;4.319999999999999
4236.0;10;1;3859;9.743025;3.9599999999999995
4256.0;14;5;3823;9.533859;7.560000000000002
4257.0;15;0;3480;10.587056;5.4
4267.0;13;1;3039;9.147804;5.04
4281.0;13;3;3898;9.963028;3.5999999999999996
4292.0;18;5;3214;9.507025;5.4
4305.0;11;0;3825;10.195923;3.9599999999999995
4312.0;15;1;2787;9.217513;7.920000000000003
4324.0;2;28;37;10.6185665;11.200000000000005
4332.0;9;0;3602;9.374201;3.2399999999999998
4333.0;12;2;3825;9.88549;5.04
4351.0;10;3;3918;9.291687;2.52
4366.0;34;28;135;10.358299;2.4
4367.0;16;4;3460;9.700221;5.760000000000001
4382.0;11;1;3561;9.505579;5.04
4396.0;14;0;3479;10.351129;5.04
4400.0;15;1;3211;9.888796;5.760000000000001
4422.0;9;2;4133;9.670128;3.2399999999999998
4429.0;14;3;3362;9.348766;7.560000000000002
4438.0;14;5;3709;9.35338;3.2399999999999998
4441.0;10;3;4224;9.776148;2.52
4465.0;15;0;3255;10.2308445;6.120000000000001
4471.0;14;1;3188;9.618049;5.4
4476.0;16;1;2605;9.163708;6.120000000000001
4481.0;7;0;3874;9.336147;2.52
4504.0;14;7;3790;8.936849;2.52
4506.0;16;1;2570;9.108307;6.120000000000001
4525.0;9;1;3499;8.938741;2.88
4549.0;11;0;3180;9.174758;3.9599999999999995
4564.0;21;10;3293;8.97321;3.9599999999999995
4572.0;28;6;42;10.237816;13.600000000000007
4574.0;14;5;3588;9.1617985;3.2399999999999998
4591.0;7;1;3968;9.212582;2.88
4597.0;17;3;3883;10.876632;5.04
4630.0;20;3;2643;9.616459;6.120000000000001
4634.0;31;2;100;11.826599;11.600000000000005
4637.0;18;4;3683;10.521944;7.200000000000002
4656.0;12;0;3499;9.914131;4.319999999999999
4675.0;12;0;4010;10.723152;6.480000000000001
4676.0;25;10;3746;10.627758;5.4
4685.0;16;5;3655;9.736557;3.9599999999999995
4699.0;11;1;3963;10.1420355;3.5999999999999996
4709.0;10;0;4143;10.465048;5.760000000000001
4716.0;15;1;3361;10.12627;5.04
4734.0;18;3;2725;9.277601;5.4
4749.0;12;2;4212;10.498201;7.200000000000002
4752.0;17;0;2589;9.6451;6.120000000000001
4760.0;14;4;3553;9.378786;3.5999999999999996
4781.0;11;3;3685;9.157139;2.88
4789.0;16;6;4198;10.323854;5.760000000000001
4802.0;17;15;10;11.740857;6.400000000000001
4805.0;2;22;576;9.738752;8.000000000000002
4837.0;22;2;0;12.8416195;9.600000000000003
4840.0;5;33;24;11.5303755;11.200000000000005
4860.0;28;0;350;12.246878;11.200000000000005
4882.0;13;3;4005;10.132425;5.760000000000001
4890.0;2;28;446;11.31204;10.400000000000004
4910.0;14;1;3553;10.195906;9.000000000000002
4924.0;11;2;4371;10.515604;6.840000000000002
4927.0;1;25;930;11.165571;13.600000000000007
4946.0;10;0;4213;10.575865;3.5999999999999996
4949.0;22;7;3481;10.322342;5.4
4957.0;16;4;4494;11.337242;4.319999999999999
4969.0;9;0;4194;10.311463;3.2399999999999998
4974.0;13;4;4308;10.339773;3.9599999999999995
4984.0;13;1;4279;11.110992;4.319999999999999
5002.0;2;26;519;10.839272;9.600000000000003
5008.0;16;5;3951;10.205193;7.560000000000002
5010.0;12;0;4050;10.786469;4.319999999999999
5031.0;1;25;332;9.71424;10.400000000000004
5055.0;21;1;161;9.220821;8.800000000000002
5059.0;25;17;358;9.01441;9.600000000000003
5080.0;23;1;157;9.7838125;9.600000000000003
5080.0;1;21;712;8.953906;8.800000000000002
5112.0;27;3;380;10.588149;9.600000000000003
5121.0;2;22;603;9.039836;9.600000000000003
5131.0;26;5;3;9.706145;9.200000000000003
5139.0;2;21;547;8.78331;9.200000000000003
5147.0;0;24;3;9.44176;9.600000000000003
5158.0;3;23;923;8.9189415;8.000000000000002
5176.0;20;11;0;9.137357;6.000000000000001
5192.0;22;1;988;9.022975;8.400000000000002
5217.0;4;21;1080;8.027198;11.600000000000005
5244.0;23;4;44;9.290444;10.800000000000004
5254.0;21;5;178;7.8259573;10.400000000000004
5276.0;31;5;40;11.132625;10.400000000000004
5279.0;3;23;729;8.967974;8.000000000000002
5299.0;28;5;27;9.9898405;10.000000000000004
5302.0;0;24;42;10.57581;9.600000000000003
5333.0;26;0;319;11.28745;10.400000000000004
5347.0;24;2;23;9.227599;8.800000000000002
5350.0;23;0;20;9.973618;9.200000000000003
5370.0;1;21;1430;8.710342;8.000000000000002
5392.0;31;23;472;9.404631;10.400000000000004
5408.0;17;28;38;10.002298;14.000000000000007
5413.0;22;21;336;9.009989;6.000000000000001
5451.0;18;27;54;9.493754;5.2
5456.0;6;11;27;7.5375013;3.5999999999999996
5458.0;24;4;4;9.261345;12.000000000000005
5483.0;4;24;1119;8.829387;10.400000000000004
5505.0;23;3;111;8.899537;9.600000000000003
5507.0;2;22;750;9.002685;8.000000000000002
5520.0;20;0;1285;8.555144;12.000000000000005
5546.0;21;3;34;9.097788;7.200000000000002
5572.0;14;4;44;8.668938;3.9999999999999996
5576.0;21;5;172;7.8173685;6.400000000000001
5580.0;10;16;39;8.023228;10.400000000000004
5596.0;1;20;1398;8.418782;8.400000000000002
5609.0;4;27;471;9.805215;9.200000000000003
5615.0;19;1;216;8.734324;7.200000000000002
5623.0;1;4;18;8.567829;2.0
5637.0;20;1;123;8.804508;7.600000000000002
5645.0;0;20;259;8.776242;8.000000000000002
5651.0;20;0;238;9.405044;8.000000000000002
5680.0;11;19;32;8.518718;8.000000000000002
5691.0;23;2;153;9.453601;8.400000000000002
5697.0;22;0;1347;9.215325;8.800000000000002
5721.0;16;4;47;8.799065;4.8
5728.0;19;4;50;8.882879;10.000000000000004
5737.0;19;20;250;8.760611;7.600000000000002
5755.0;25;18;397;9.209828;2.8
5762.0;25;18;398;9.2314625;2.8
5763.0;1;22;700;9.247247;9.200000000000003
5790.0;3;19;32;8.286357;12.000000000000005
5811.0;26;18;357;8.666162;8.000000000000002
5812.0;2;20;1;7.738801;12.000000000000005
5836.0;16;17;193;8.318292;2.8
5846.0;19;0;209;9.040161;10.800000000000004
5862.0;24;0;53;9.828254;9.600000000000003
5881.0;21;1;184;9.273101;8.800000000000002
5905.0;15;13;192;7.5010395;6.400000000000001
5906.0;23;4;44;9.290444;7.600000000000002
5939.0;21;3;176;8.54237;8.000000000000002
5951.0;24;4;330;9.28006;8.000000000000002
5960.0;0;19;231;8.291078;7.600000000000002
5970.0;22;2;110;8.992247;12.000000000000005
5992.0;20;1;242;9.063836;7.600000000000002
6000.0;23;24;234;8.657035;6.000000000000001
6018.0;9;12;3;8.714676;6.000000000000001
6025.0;25;3;55;9.220277;11.200000000000005
6038.0;1;18;783;8.252094;6.800000000000002
6056.0;16;29;53;9.53709;5.2
6062.0;20;0;89;9.003387;12.000000000000005
6089.0;26;3;108;10.086594;9.200000000000003
6106.0;26;4;25;10.122078;8.800000000000002
6107.0;20;33;69;9.589365;5.2
6113.0;2;22;667;9.130152;8.000000000000002
6148.0;17;29;36;10.407595;8.800000000000002
6167.0;26;4;306;9.457588;10.400000000000004
6188.0;19;1;22;8.328487;12.000000000000005
6190.0;15;26;39;9.946102;6.000000000000001
6214.0;25;5;17;10.800095;8.000000000000002
6236.0;13;22;35;9.466575;10.000000000000004
6251.0;21;1;19;8.266626;12.000000000000005
6254.0;11;20;28;9.26976;3.5999999999999996
6279.0;1;21;390;9.214018;8.800000000000002
6302.0;14;22;48;8.792679;8.000000000000002
6305.0;4;24;897;9.021672;8.000000000000002
6308.0;18;1;193;7.9983;10.800000000000004
6339.0;7;13;11;8.384645;7.200000000000002
6351.0;22;0;231;9.593601;8.800000000000002
6357.0;27;1;57;10.340364;10.400000000000004
6377.0;4;24;490;9.219099;8.000000000000002
6382.0;15;23;35;8.450165;3.1999999999999997
6384.0;22;1;180;9.328091;8.400000000000002
6410.0;3;24;44;10.00901;8.400000000000002
6422.0;24;5;16;10.007982;7.600000000000002
6430.0;21;0;15;10.492996;9.200000000000003
6450.0;15;24;63;8.464884;3.5999999999999996
6459.0;22;3;26;9.125923;10.000000000000004
6478.0;26;6;62;9.859089;8.000000000000002
6490.0;19;28;57;9.882217;3.5999999999999996
6508.0;4;22;558;8.639284;8.000000000000002
6510.0;10;21;40;8.240487;8.400000000000002
6513.0;4;21;22;8.309828;6.800000000000002
6553.0;13;22;27;9.355764;6.800000000000002
6566.0;35;22;520;8.602781;7.600000000000002
6568.0;33;18;1191;8.274607;10.000000000000004
6586.0;2;18;283;8.115408;6.400000000000001
6602.0;1;14;745;7.176867;5.2
6605.0;9;17;18;8.941641;7.200000000000002
6627.0;3;23;475;9.22483;8.000000000000002
6638.0;27;4;98;9.955799;9.200000000000003
6654.0;2;21;309;8.728695;9.200000000000003
6658.0;30;9;51;9.647049;8.400000000000002
6680.0;20;0;242;8.917051;8.000000000000002
6682.0;3;22;1;12.999855;7.600000000000002
6696.0;21;2;170;8.69088;7.600000000000002
6720.0;14;22;35;8.788906;3.1999999999999997
6724.0;22;2;434;8.752369;8.000000000000002
6736.0;29;6;31;9.789227;9.200000000000003
6751.0;4;27;192;8.828369;9.200000000000003
6755.0;1;19;421;8.660503;11.200000000000005
6776.0;17;28;51;9.767403;8.400000000000002
6780.0;17;27;45;10.118397;3.9999999999999996
6810.0;4;26;40;10.607092;9.600000000000003
6811.0;11;33;58;9.809799;8.800000000000002
6813.0;33;20;136;8.819899;9.200000000000003
6832.0;1;20;410;8.93564;7.600000000000002
6840.0;4;27;3;13.767267;9.200000000000003
6852.0;1;13;814;6.869982;5.6000000000000005
6866.0;4;24;20;9.022129;8.000000000000002
6869.0;20;5;1239;7.6945634;6.000000000000001
6899.0;10;22;30;8.825512;7.200000000000002
6905.0;27;7;19;9.784344;9.600000000000003
6910.0;20;2;155;8.389963;8.800000000000002
6937.0;14;22;41;9.19272;4.8
6954.0;3;18;41;8.078318;10.800000000000004
6964.0;4;25;39;10.306808;8.400000000000002
6967.0;9;20;23;7.522774;8.400000000000002
6987.0;3;25;41;10.481285;11.200000000000005
6990.0;4;22;621;8.608725;8.000000000000002
6996.0;3;17;1;9.584034;9.600000000000003
7015.0;4;23;342;8.68829;7.600000000000002
7019.0;2;19;260;8.172899;7.600000000000002
7023.0;17;16;8;8.740572;6.000000000000001
7059.0;17;0;132;7.857786;6.800000000000002
7060.0;24;5;1338;8.612703;7.600000000000002
7067.0;25;4;0;8.799911;8.400000000000002
7080.0;11;12;9;9.026427;2.8
7095.0;19;4;1262;7.913641;6.000000000000001
7102.0;5;20;3;8.029933;6.000000000000001
7103.0;17;0;1224;8.043682;6.800000000000002
7132.0;18;1;70;7.9278708;6.800000000000002
7143.0;22;6;1284;8.123936;6.400000000000001
7152.0;8;18;7;8.498142;3.9999999999999996
7159.0;27;1;38;10.094111;11.200000000000005
7186.0;3;32;44;11.73272;11.600000000000005
7204.0;25;1;47;9.766219;12.000000000000005
7212.0;7;14;27;7.3237667;7.600000000000002
7236.0;29;10;113;8.515271;7.600000000000002
7239.0;17;1;130;7.590726;6.400000000000001
7262.0;27;6;79;9.141819;8.400000000000002
7266.0;6;13;17;7.575984;2.8
7293.0;2;19;29;8.922789;10.800000000000004
7298.0;8;19;6;8.079715;5.2
7315.0;25;3;42;9.803889;8.800000000000002
7320.0;1;20;471;8.843027;7.600000000000002
7347.0;26;4;50;9.456481;9.600000000000003
7356.0;21;3;1347;8.496881;7.200000000000002
7366.0;22;0;0;13.206332;8.800000000000002
7367.0;0;18;408;8.443968;7.200000000000002
7373.0;0;15;843;7.6016035;6.000000000000001
7393.0;2;24;525;9.601542;8.800000000000002
7398.0;0;23;528;9.84851;9.200000000000003
7422.0;27;0;51;10.628502;10.800000000000004
7440.0;21;2;239;8.28529;7.600000000000002
7444.0;25;1;93;9.997254;9.600000000000003
7471.0;20;23;5;9.005256;3.5999999999999996
7475.0;25;1;0;13.298657;10.400000000000004
7506.0;23;29;9;10.199925;2.4
7507.0;6;26;56;8.912235;11.200000000000005
7512.0;22;2;24;9.291414;13.600000000000007
7532.0;3;24;0;10.168422;8.400000000000002
7538.0;6;29;6;8.869816;9.200000000000003
7551.0;0;17;606;8.302559;6.800000000000002
7564.0;2;24;40;10.260747;8.800000000000002
7570.0;3;17;470;7.528283;10.400000000000004
7573.0;1;20;449;8.798706;7.600000000000002
7601.0;1;26;513;10.294959;10.000000000000004
7624.0;30;8;49;9.032324;8.800000000000002
7635.0;8;27;4;8.835728;7.600000000000002
7661.0;7;21;482;7.2714157;9.600000000000003
7666.0;22;4;1206;8.154355;7.200000000000002
7692.0;3;20;850;8.2239895;6.800000000000002
7695.0;31;4;52;10.821578;10.800000000000004
7711.0;0;17;558;8.345493;6.800000000000002
7714.0;31;11;120;8.807198;8.000000000000002
7735.0;3;22;54;8.932303;7.600000000000002
7745.0;25;4;248;8.869665;9.200000000000003
7756.0;20;0;293;8.670502;8.000000000000002
7770.0;0;21;380;9.094582;9.200000000000003
7778.0;2;20;434;8.561495;7.200000000000002
7798.0;31;1;33;11.904387;12.000000000000005
7802.0;2;20;261;7.926903;11.200000000000005
7820.0;1;20;969;8.639764;7.600000000000002
7821.0;22;3;1376;8.690077;7.600000000000002
7826.0;4;22;347;8.428017;7.200000000000002
7867.0;21;2;33;9.081802;9.200000000000003
7870.0;23;2;35;9.795388;10.000000000000004
7873.0;24;3;95;9.234029;8.400000000000002
7889.0;1;18;409;8.26235;7.600000000000002
7892.0;0;17;450;8.255834;6.800000000000002
7908.0;6;21;382;7.598588;6.000000000000001
7935.0;21;1;50;8.678186;8.000000000000002
7940.0;25;1;45;9.766601;9.600000000000003
7945.0;0;35;3;12.744262;14.000000000000007
7988.0;13;15;151;7.44466;6.400000000000001
7996.0;33;17;135;8.860772;6.400000000000001
8006.0;12;15;143;7.4544992;10.800000000000004
8018.0;4;20;407;7.9858646;6.400000000000001
8026.0;2;18;1146;8.147736;6.400000000000001
8041.0;25;1;32;9.995177;10.400000000000004
8046.0;18;14;13;8.034987;3.1999999999999997
8050.0;2;22;197;8.706977;8.000000000000002
8070.0;3;27;15;10.250966;9.600000000000003
8084.0;18;0;1496;8.466087;7.200000000000002
8095.0;23;3;25;10.213425;8.000000000000002
8110.0;3;18;4;8.348446;8.400000000000002
8118.0;24;2;29;10.157122;8.800000000000002
8120.0;2;23;64;9.577459;8.400000000000002
8152.0;15;20;208;8.0631275;6.800000000000002
8153.0;16;1;26;8.434894;6.000000000000001
8160.0;27;6;110;8.91582;8.400000000000002
8174.0;2;20;813;8.693437;7.200000000000002
8180.0;2;25;23;10.143611;9.200000000000003
8185.0;0;23;28;9.588174;9.200000000000003
8191.0;0;15;416;7.613867;6.000000000000001
8214.0;3;22;28;8.792437;11.600000000000005
8224.0;19;1;303;8.4038;7.200000000000002
8232.0;22;5;29;8.810952;6.800000000000002
8265.0;3;21;3;9.650245;9.600000000000003
8277.0;33;5;28;10.989557;11.200000000000005
8287.0;20;3;30;8.769665;9.200000000000003
8318.0;12;15;158;7.868866;5.2
8324.0;4;21;90;8.013075;6.800000000000002
8326.0;18;1;11;8.842129;7.600000000000002
8364.0;21;2;196;8.511449;9.200000000000003
8373.0;28;9;37;8.912048;7.600000000000002
8379.0;25;3;27;10.940351;10.400000000000004
8398.0;1;17;1244;7.8265476;6.400000000000001
8415.0;21;4;184;7.883816;7.600000000000002
8417.0;1;17;296;7.921688;6.400000000000001
8419.0;31;9;206;9.194489;8.800000000000002
8440.0;3;19;804;8.177363;6.400000000000001
8442.0;4;23;54;9.4337225;7.600000000000002
8474.0;28;1;1;13.33523;10.800000000000004
8484.0;20;2;22;9.915197;8.800000000000002
8488.0;25;6;28;8.467038;7.600000000000002
8506.0;2;16;30;7.84422;5.6000000000000005
8510.0;7;24;839;8.110799;6.800000000000002
8517.0;22;3;41;9.279448;7.600000000000002
8530.0;2;18;833;8.172398;6.400000000000001
8537.0;5;21;1089;8.133644;9.600000000000003
8543.0;3;18;31;8.6298;8.400000000000002
8548.0;1;16;26;7.7509804;6.000000000000001
8568.0;14;13;7;9.808835;6.000000000000001
8573.0;1;28;55;11.395573;10.800000000000004
8590.0;5;30;78;10.860658;14.000000000000007
8592.0;7;22;42;7.4554586;6.000000000000001
8645.0;27;3;120;10.240522;9.600000000000003
8649.0;21;7;64;7.4089746;7.200000000000002
8652.0;9;34;347;9.407411;10.000000000000004
8673.0;11;18;23;7.828211;2.8
8682.0;1;14;1069;7.1030464;5.2
8700.0;8;7;6;7.7042303;5.2
8707.0;1;23;109;9.12802;8.800000000000002
8731.0;1;22;24;9.0180435;8.400000000000002
8731.0;27;2;3;12.144464;11.600000000000005
8741.0;19;1;1616;8.59656;8.000000000000002
8764.0;1;19;316;8.470033;8.000000000000002
8782.0;24;1;23;10.252053;10.000000000000004
8787.0;35;16;139;9.120852;7.600000000000002
8808.0;23;4;55;8.492549;7.600000000000002
8819.0;2;16;35;7.769534;11.200000000000005
8829.0;25;5;1849;9.092339;8.000000000000002
8836.0;19;18;12;7.8841066;2.8
8852.0;1;19;377;8.526424;8.000000000000002
8854.0;2;33;17;10.617103;12.400000000000006
8857.0;1;19;298;8.449425;7.200000000000002
8877.0;4;21;249;8.395484;6.800000000000002
8896.0;17;22;238;8.099662;8.400000000000002
8902.0;2;19;16;8.229583;8.400000000000002
8905.0;21;4;16;7.9480104;10.000000000000004
8921.0;2;17;1034;7.918086;6.000000000000001
8940.0;13;23;26;8.305441;8.000000000000002
8953.0;5;20;33;8.331322;6.000000000000001
8956.0;29;0;33;12.699916;11.600000000000005
8961.0;2;19;725;8.429733;6.800000000000002
8980.0;1;17;199;7.836132;6.400000000000001
8988.0;4;23;279;9.05567;11.600000000000005
9013.0;16;1;100;7.3297644;6.000000000000001
9018.0;11;10;6;8.496324;7.600000000000002
9048.0;6;21;875;7.5768805;10.800000000000004
9053.0;25;5;16;8.477943;8.800000000000002
9076.0;21;3;1731;8.32171;7.200000000000002
9079.0;3;18;65;7.7068276;6.000000000000001
9084.0;4;34;42;12.661409;12.000000000000005
9111.0;17;1;6378;7.211593;5.760000000000001
9126.0;23;6;314;8.221722;6.800000000000002
9129.0;11;16;6;8.000773;2.0
9133.0;27;2;48;10.193731;10.000000000000004
9149.0;1;18;611;8.055199;6.800000000000002
9158.0;15;0;13;9.405124;6.000000000000001
9161.0;3;20;48;8.599875;9.200000000000003
9166.0;0;15;563;7.35744;6.000000000000001
9202.0;5;29;26;9.438892;9.600000000000003
9211.0;20;3;27;8.231402;9.200000000000003
9216.0;26;4;24;9.955491;12.000000000000005
9249.0;24;3;61;8.927368;8.400000000000002
9261.0;18;0;15;8.963054;9.600000000000003
9278.0;10;27;327;8.19531;6.800000000000002
9279.0;31;21;435;8.095692;12.000000000000005
9284.0;1;21;80;8.788716;8.000000000000002
9304.0;8;23;276;7.9229236;6.000000000000001
9305.0;1;19;238;8.248379;9.600000000000003
9338.0;24;4;187;8.653717;11.200000000000005
9353.0;5;21;303;7.6272063;11.200000000000005
9378.0;20;5;6746;7.1894584;5.4
9387.0;24;1;381;9.918772;9.200000000000003
9402.0;27;17;0;9.009257;3.9999999999999996
9404.0;10;14;148;7.430788;4.8
9429.0;2;17;2;9.903224;7.600000000000002
9436.0;3;16;2;7.8424406;11.600000000000005
9462.0;3;21;270;8.7229805;11.200000000000005
9462.0;28;10;382;8.88156;11.200000000000005
9477.0;29;19;423;8.179096;3.9999999999999996
9493.0;12;15;175;7.6650724;6.800000000000002
9505.0;31;21;902;7.826574;3.9999999999999996
9515.0;2;20;179;8.209072;7.200000000000002
9521.0;21;0;125;9.156017;8.400000000000002
9536.0;4;19;35;8.366698;10.000000000000004
9546.0;2;23;26;9.678905;8.400000000000002
9559.0;21;4;7378;7.6320233;7.560000000000002
9567.0;1;21;32;8.790414;11.200000000000005
9585.0;15;18;180;7.850959;3.5999999999999996
9595.0;3;16;23;7.9647326;9.200000000000003
9607.0;1;20;276;8.549818;7.600000000000002
9614.0;23;0;78;9.744935;13.200000000000006
9624.0;1;25;28;10.167021;10.400000000000004
9653.0;17;23;241;8.012301;3.9999999999999996
9658.0;23;3;20;9.911204;10.400000000000004
9659.0;24;5;279;8.697295;7.600000000000002
9682.0;2;27;18;10.913278;10.000000000000004
9700.0;2;21;416;8.55848;9.200000000000003
9711.0;7;27;310;9.460358;8.000000000000002
9719.0;13;16;141;7.270882;10.800000000000004
9765.0;24;4;139;8.584042;8.000000000000002
9768.0;4;19;52;8.252315;10.800000000000004
9768.0;22;2;136;8.939694;13.600000000000007
9797.0;2;27;64;10.579891;10.000000000000004
9806.0;19;26;293;8.040619;2.8
9807.0;16;22;227;7.9846573;5.6000000000000005
9826.0;3;27;121;9.670416;9.600000000000003
9832.0;6;24;293;9.02922;7.200000000000002
9847.0;21;4;1506;7.8958216;6.800000000000002
9853.0;3;19;46;8.374143;6.400000000000001
9875.0;5;20;643;7.60098;6.000000000000001
9880.0;29;6;149;9.385292;9.200000000000003
9880.0;5;19;28;7.7420883;9.600000000000003
9908.0;1;26;27;10.705253;10.000000000000004
9908.0;2;26;68;10.240838;9.600000000000003
9923.0;28;10;286;8.306984;7.200000000000002
9931.0;2;21;493;8.752207;7.600000000000002
9951.0;4;18;52;7.9716334;5.6000000000000005
9952.0;4;19;366;7.460394;9.200000000000003
9955.0;22;1;176;9.263084;9.200000000000003
9974.0;5;21;263;8.47589;6.400000000000001
9975.0;3;21;251;8.916589;7.200000000000002
9996.0;2;20;460;8.435267;7.200000000000002
9996.0;4;19;995;7.78635;6.000000000000001
10000.0;22;1;337;8.881627;8.400000000000002
10043.0;3;21;721;8.33983;9.600000000000003
10050.0;3;18;450;7.747182;10.800000000000004
10062.0;34;8;27;9.2710705;10.400000000000004
10073.0;2;21;294;9.024779;7.600000000000002
10086.0;26;11;303;8.146119;6.000000000000001
10097.0;1;15;904;7.259957;5.6000000000000005
10115.0;23;6;31;8.484924;6.800000000000002
10126.0;10;11;6;9.563271;6.800000000000002
10128.0;20;6;242;7.3416653;8.000000000000002
10147.0;2;17;287;7.5907936;6.000000000000001
10169.0;29;6;78;9.846832;9.200000000000003
10174.0;0;19;387;8.451279;10.000000000000004
10175.0;24;1;52;9.808815;9.200000000000003
10196.0;2;20;238;8.528114;7.200000000000002
10204.0;4;27;80;10.234723;9.200000000000003
10213.0;21;6;28;8.198504;8.400000000000002
10233.0;0;15;358;7.379208;10.800000000000004
10241.0;23;3;29;9.900434;8.000000000000002
10255.0;22;4;78;8.272091;7.200000000000002
10272.0;19;1;41;8.128096;7.200000000000002
10295.0;19;0;201;8.3463955;7.600000000000002
10298.0;25;5;27;9.160471;12.000000000000005
10321.0;11;21;26;8.297258;7.200000000000002
10327.0;10;17;31;7.786594;2.8
10328.0;6;27;61;9.6919;10.000000000000004
10342.0;3;19;1149;7.8502054;6.400000000000001
10396.0;20;4;24;8.44503;9.600000000000003
10398.0;9;14;48;7.313032;9.200000000000003
10404.0;20;1;115;8.826336;12.400000000000006
